Mood,Encouraging Message,Suggested Activity,
Miserable,It's okay to feel this way—you're doing your best.,Wrap yourself in a blanket and rest.,
Miserable,You are loved even when it doesn't feel like it.,Watch a comforting movie.,
Miserable,This moment will pass—hold on a bit longer.,Write your feelings in a journal.,
Miserable,You're not broken.. you're human.,Listen to soft, calming music.
Miserable,Even in pain, you're growing.,Call a friend or someone you trust.
Sad,Let yourself feel—it’s a part of healing.,Take a slow walk and observe nature.,
Sad,You've made it through tough times before.,Draw or sketch your emotions.,
Sad,Crying is okay—it shows your heart.,Watch a favorite nostalgic show.,
Sad,You’re not alone. I’m here with you.,Play with a pet or virtual companion.,
Sad,Your sadness doesn’t define your worth.,Make yourself a warm drink.,
Tired,Rest is productive too.,Take a short power nap.,
Tired,You’ve done enough for now—breathe.,Stretch gently or do light yoga.,
Tired,Give yourself permission to pause.,Unplug from your phone for a while.,
Tired,Your energy will come back.,Sip on water and rest your eyes.,
Tired,You deserve rest without guilt.,Lie down and listen to a calming podcast.,
Bored,This is a great moment to try something new!,Try a random online mini game.,
Bored,Your imagination can turn anything fun.,Doodle or make a silly comic.,
Bored,Even boredom is a space for creativity.,Search for a fun DIY project.,
Bored,Let’s shake things up together!,Reorganize a small part of your room.,
Bored,Adventure starts with curiosity.,Explore a new topic on YouTube or Wikipedia.,
Neutral,It’s okay to just “be” today.,Take a mindful breath and enjoy the stillness.,
Neutral,Not every moment needs a purpose.,Journal whatever comes to mind.,
Neutral,This is a good time to reset.,Water your plants or tidy your space.,
Neutral,Peace is powerful.,Make a simple playlist for this mood.,
Neutral,Let’s gently shift toward comfort.,Do light stretching or hand exercises.,
Calm,Your stillness is your strength.,Enjoy a quiet tea time or snack break.,
Calm,This moment is yours to savor.,Sit by the window and enjoy the view.,
Calm,You radiate peaceful energy.,Try some deep belly breathing.,
Calm,Let your calm guide the rest of your day.,Do some mindful coloring or crafting.,
Calm,Enjoy this ease—you’ve earned it.,Read a few pages of a calming book.,
Relaxed,This peaceful state suits you.,Take a warm shower or bath.,
Relaxed,Enjoy this well-deserved break.,Lie down with soft music playing.,
Relaxed,Let your mind wander freely.,Watch clouds or stargaze.,
Relaxed,You're in sync with your body and mind.,Try a guided relaxation or meditation.,
Relaxed,Take it slow—you’re doing great.,Do something creative with no goal.,
Happy,You’re glowing with joy—keep shining!,Share a joke or smile with someone.,
Happy,Let the good vibes carry you.,Capture this feeling in a photo or note.,
Happy,Your happiness is contagious.,Dance to your favorite upbeat song.,
Happy,Enjoy every bit of this moment.,Plan something fun for tomorrow.,
Happy,You deserve every smile.,Celebrate with a small treat.,
Content,Peace looks good on you.,Light a candle and enjoy the present.,
Content,You’ve built this calm with care.,Reflect on one thing you’re proud of.,
Content,There’s beauty in simplicity.,Do a cozy activity like knitting or reading.,
Content,Stay in this gentle rhythm.,Make a gratitude list.,
Content,Your balance is inspiring.,Tidy up slowly while humming.,
Excited,Something wonderful is sparking!,Plan out your next adventure.,
Excited,Your energy is electric—ride it!,Start a creative project you’ve been dreaming of.,
Excited,Let’s make the most of this buzz!,Share your excitement with someone!,
Excited,Your joy is a spark for others too.,Make a vision board or mood board.,
Excited,The world feels open right now!,Try out a new hobby or activity.,
Elated,You’re flying high—own that joy!,Celebrate your success, big or small.
Elated,You’re on top of the world right now.,Capture this feeling in words or art.,
Elated,Your smile lights up everything!,Call someone to share the good news.,
Elated,This joy is meant to be felt fully.,Create a playlist that matches your mood.,
Elated,Shine as brightly as you feel.,Dance like nobody’s watching.,
